{
  "project_info": {
    "project_number": "994878154102",
    "firebase_url": "https://anonymouschatroom-b2bdf.firebaseio.com",
    "project_id": "anonymouschatroom-b2bdf",
    "storage_bucket": "anonymouschatroom-b2bdf.appspot.com"
  },
  "client": [
    {
      "client_info": {
        "mobilesdk_app_id": "1:994878154102:android:49440fb8f21f8f95",
        "android_client_info": {
          "package_name": "edu.csulb.android.cecs453finalproject.anonymouschatroom"
        }
      },
      "oauth_client": [
        {
          "client_id": "994878154102-7c449k2c4ft2lf271mp2kku579lgb8cq.apps.googleusercontent.com",
          "client_type": 1,
          "android_info": {
            "package_name": "edu.csulb.android.cecs453finalproject.anonymouschatroom",
            "certificate_hash": "d32f94ed050e815e5c22d6421d2d90147649b189"
          }
        },
        {
          "client_id": "994878154102-ceillal2aujnlebjapukqdrsj90iitfr.apps.googleusercontent.com",
          "client_type": 3
        }
      ],
      "api_key": [
        {
          "current_key": "AIzaSyC96ybt36LRx5qc5u8JNII8gKVeNHVpo4o"
        }
      ],
      "services": {
        "analytics_service": {
          "status": 1
        },
        "appinvite_service": {
          "status": 2,
          "other_platform_oauth_client": [
            {
              "client_id": "994878154102-ceillal2aujnlebjapukqdrsj90iitfr.apps.googleusercontent.com",
              "client_type": 3
            }
          ]
        },
        "ads_service": {
          "status": 2
        }
      }
    }
  ],
  "configuration_version": "1"
}